日期,QT-153,QT-154,QT-155,QT-156
1992-01-01 00:00:00,324.7240713,588.7448321,163.9558182,436.2643786
1992-01-02 00:00:00,670.4285838,499.1183324,494.7071828,166.5936815
1992-01-03 00:00:00,539.1963651,413.8392549,699.6482355,368.2333263
1992-01-04 00:00:00,459.1950905,315.2982905,128.9272233,376.2149627
1992-01-05 00:00:00,193.6111843,626.3203245,686.3045105,618.7381657
1992-01-06 00:00:00,193.5967122,335.4670645,344.1447764,427.9889321
1992-01-07 00:00:00,134.8501673,589.9596637,622.4520702,328.2403294
1992-01-08 00:00:00,619.7056875,363.4809451,569.4312904,686.0801971
1992-01-09 00:00:00,460.669007,326.1666577,440.2097566,166.432356
1992-01-10 00:00:00,524.8435467,377.6078714,543.0695256,353.529057
1992-01-11 00:00:00,112.3506966,280.8267245,627.1093368,125.2148051
1992-01-12 00:00:00,681.9459113,548.5656281,342.484193,543.9424725
1992-01-13 00:00:00,599.4655845,401.6322341,296.2198969,650.8459313
1992-01-14 00:00:00,227.4034664,239.3276171,500.5560313,268.0223977
1992-01-15 00:00:00,209.0949803,639.744744,584.7075652,615.0050061
1992-01-16 00:00:00,210.0427059,330.3347328,557.3710809,275.3309383
1992-01-17 00:00:00,282.5453458,426.1317167,578.6881893,646.462097
1992-01-18 00:00:00,414.853859,643.8832666,361.3499889,552.3771422
1992-01-19 00:00:00,359.1670112,474.5427975,590.7005297,582.9440661
1992-01-20 00:00:00,274.7374841,170.1388244,172.1254332,110.8039334
1992-01-21 00:00:00,467.1117368,663.8992742,426.6934588,677.6862142
1992-01-22 00:00:00,183.6963164,476.6248318,103.4551963,536.0025952
1992-01-23 00:00:00,275.2867891,300.9433688,294.7514979,282.8506572
1992-01-24 00:00:00,319.817106,183.5632436,319.8769209,597.6367989
1992-01-25 00:00:00,373.6419905,576.4151136,337.703615,268.912719
1992-01-26 00:00:00,571.1055768,472.0436536,517.280324,623.6523037
1992-01-27 00:00:00,219.8042693,420.0766552,333.1348608,167.5482342
1992-01-28 00:00:00,408.540663,636.3355498,369.2161736,522.2115865
1992-01-29 00:00:00,455.4487413,573.1583267,242.5264785,424.419086
1992-01-30 00:00:00,127.8702476,191.0049278,323.951075,157.9206821
1992-01-31 00:00:00,464.5269111,287.0332407,236.3617764,245.136297
1992-02-01 00:00:00,202.3144742,249.0934839,143.9175543,107.4424218
1992-02-02 00:00:00,139.0309558,546.3677755,462.069156,381.2607793
1992-02-03 00:00:00,669.3313224,120.1194608,500.9276791,280.7591565
1992-02-04 00:00:00,679.3792198,441.9338109,471.6942076,459.0144906
1992-02-05 00:00:00,585.0384089,557.4752114,378.0964263,278.3426846
1992-02-06 00:00:00,282.7682615,626.0593821,327.8714681,279.9514669
1992-02-07 00:00:00,158.6032684,305.2490492,618.0001897,545.9159192
1992-02-08 00:00:00,510.5398159,592.7543828,411.4490711,128.8857016
1992-02-09 00:00:00,364.0914962,166.3790422,387.5091266,641.7369971
1992-02-10 00:00:00,173.2229409,607.871375,115.3852395,611.3583246
1992-02-11 00:00:00,397.1061461,176.4931974,304.7486966,500.6828099
1992-02-12 00:00:00,120.6331127,338.3723743,328.1173713,455.9329421
1992-02-13 00:00:00,645.5922412,578.3772195,339.2936685,635.3814989
1992-02-14 00:00:00,255.267989,189.9504564,448.1034215,211.1981077
1992-02-15 00:00:00,497.5133706,237.5508371,420.161528,147.3814973
1992-02-16 00:00:00,287.0266457,533.351541,464.7430557,243.7061019
1992-02-17 00:00:00,412.0408127,532.0219219,558.9299569,576.7469672
1992-02-18 00:00:00,428.0261676,484.6885797,587.7914432,120.80216
1992-02-19 00:00:00,210.9126733,516.3690667,530.8738457,449.6841011
1992-02-20 00:00:00,681.7507767,425.634666,673.3142176,697.2625097
1992-02-21 00:00:00,565.079694,251.0794353,110.9395496,613.4176563
1992-02-22 00:00:00,663.6993649,307.4175961,217.4667914,412.8674134
1992-02-23 00:00:00,636.8964103,208.9586301,104.537725,138.1845456
1992-02-24 00:00:00,458.7399873,645.0703368,488.4848285,598.8241086
1992-02-25 00:00:00,653.124541,450.0350769,638.8183294,459.3871049
1992-02-26 00:00:00,153.0955012,340.5108501,246.0893779,168.9597982
1992-02-27 00:00:00,217.5897175,377.2034822,656.2207269,156.3143709
1992-02-28 00:00:00,127.1363733,668.3700038,136.1604342,645.7760917
1992-02-29 00:00:00,295.1981985,192.0108419,660.6616161,501.5201578
1992-03-01 00:00:00,333.2063738,451.7378992,310.9736123,597.5720796
1992-03-02 00:00:00,262.8094191,403.5332073,160.8524971,627.3873402
1992-03-03 00:00:00,597.2425055,466.8725413,391.5230555,443.0634112
1992-03-04 00:00:00,314.051996,110.8661103,254.0659406,410.4678111
1992-03-05 00:00:00,268.5607058,623.2743454,270.9237412,358.2564462
1992-03-06 00:00:00,425.6176499,659.2709695,284.373979,290.1679527
1992-03-07 00:00:00,184.554535,439.0799102,581.8155387,360.7575765
1992-03-08 00:00:00,581.3181885,517.9904943,423.496766,564.3277934
1992-03-09 00:00:00,144.7303862,653.4996287,286.7846195,461.1540586
1992-03-10 00:00:00,692.132162,524.3431806,466.20027,635.513974
1992-03-11 00:00:00,563.3468616,191.5234257,529.6904045,366.0280086
1992-03-12 00:00:00,219.2294089,445.7730161,263.5744004,464.2537472
1992-03-13 00:00:00,103.3132703,464.0290278,348.1294609,478.7845319
1992-03-14 00:00:00,589.2768571,354.4784028,173.131656,455.0182974
1992-03-15 00:00:00,524.1144063,541.8665414,208.6896097,521.5802639
1992-03-16 00:00:00,537.4043008,660.6202089,508.6707124,242.460081
1992-03-17 00:00:00,562.762208,655.3411077,208.8630086,407.4182665
1992-03-18 00:00:00,144.426791,370.5036228,415.0980302,162.5348817
1992-03-19 00:00:00,315.0794371,167.9428275,525.427757,330.7067966
1992-03-20 00:00:00,169.5214357,690.9047194,164.1261539,392.6002412
1992-03-21 00:00:00,617.8620555,603.3388519,440.3873318,491.3345557
1992-03-22 00:00:00,473.9788761,174.7976087,253.9376702,670.3186316
1992-03-23 00:00:00,298.5388149,652.5051296,677.7561251,460.3906399
1992-03-24 00:00:00,138.1350102,621.9378172,390.127388,546.1563497
1992-03-25 00:00:00,286.589393,411.3028343,583.5955299,403.7596357
1992-03-26 00:00:00,295.1099932,454.7652614,430.1359253,480.4624188
1992-03-27 00:00:00,537.763707,339.4016223,126.0475197,142.5593297
1992-03-28 00:00:00,482.5344828,132.8569833,479.8908254,252.6349485
1992-03-29 00:00:00,632.3276455,301.118345,670.8420053,317.1118559
1992-03-30 00:00:00,383.3289551,581.7120692,460.9670921,383.496013
1992-03-31 00:00:00,171.7565476,102.7792138,591.5133157,127.3892473
1992-04-01 00:00:00,527.9468723,300.099503,630.523878,184.0144585
1992-04-02 00:00:00,556.4710292,338.9012162,236.8478632,266.0885847
1992-04-03 00:00:00,436.7663185,422.4373618,227.2269039,682.9196145
1992-04-04 00:00:00,562.580308,651.9133698,466.5885933,298.8082043
1992-04-05 00:00:00,396.2773578,307.8075966,346.6170819,389.2246349
1992-04-06 00:00:00,413.6396976,308.1719211,603.9167817,217.6586276
1992-04-07 00:00:00,356.524611,542.5007489,640.013874,466.4680426
1992-04-08 00:00:00,115.251476,371.3307645,312.0528276,268.4099293
1992-04-09 00:00:00,164.7348562,234.7628938,242.1223354,224.1955471
1992-04-10 00:00:00,118.8575114,371.4637097,568.3153091,409.9435771
1992-04-11 00:00:00,481.8462468,184.5142122,264.8836213,103.3034795
1992-04-12 00:00:00,288.6135886,205.8321919,593.5685911,104.5984196
1992-04-13 00:00:00,405.1424147,399.0206636,354.2429522,231.4412855
1992-04-14 00:00:00,644.5398844,351.3552697,500.5299396,122.0328175
1992-04-15 00:00:00,249.5753375,648.9075406,157.3211883,164.8154525
1992-04-16 00:00:00,346.2297538,317.4363395,474.3155948,303.3163896
1992-04-17 00:00:00,553.3306831,448.3530102,371.0606072,581.5514077
1992-04-18 00:00:00,237.2788993,479.3585728,451.9650779,443.229186
1992-04-19 00:00:00,146.1879459,107.856674,200.8085246,407.6006356
1992-04-20 00:00:00,273.8508717,498.1224232,542.124247,276.0932939
1992-04-21 00:00:00,196.7327724,206.8215801,617.6782465,659.0522317
1992-04-22 00:00:00,657.8185914,676.6421905,230.0438801,338.2090247
1992-04-23 00:00:00,584.8722277,189.1976367,157.4287333,152.2556601
1992-04-24 00:00:00,480.0422539,348.7744742,114.1831516,470.2399097
1992-04-25 00:00:00,622.8763541,151.2098008,485.1829003,168.3030361
1992-04-26 00:00:00,582.2032461,698.1245511,464.2564217,307.1338857
1992-04-27 00:00:00,211.9420353,401.3170062,428.0184476,404.4471632
1992-04-28 00:00:00,635.5353991,457.2310104,239.1682577,624.5335148
1992-04-29 00:00:00,423.6053451,140.2458864,334.5435975,396.1279482
1992-04-30 00:00:00,584.4640931,549.9762822,456.6858011,521.3552596
1992-05-01 00:00:00,637.65478,225.9433559,398.0601153,695.6901034
1992-05-02 00:00:00,290.802085,638.8325737,692.6713121,178.8934719
1992-05-03 00:00:00,166.0311547,223.0837843,181.8638515,264.8389153
1992-05-04 00:00:00,236.7610975,214.4126324,517.0867324,336.7456454
1992-05-05 00:00:00,356.2646732,121.9298007,342.5912609,353.0969071
1992-05-06 00:00:00,590.8088596,383.2401671,356.919769,346.6126452
1992-05-07 00:00:00,616.43835,438.90468,530.5586594,644.5666015
1992-05-08 00:00:00,104.1712783,139.4251837,515.4616908,528.4195867
1992-05-09 00:00:00,406.4483815,565.31657,694.7535962,464.7431285
1992-05-10 00:00:00,350.4466019,371.9733008,177.0365737,285.6236307
1992-05-11 00:00:00,233.2646863,414.6341616,162.4657896,594.2742305
1992-05-12 00:00:00,171.9192204,364.4576482,534.6032903,673.0363069
1992-05-13 00:00:00,302.5691028,340.4578365,447.0321502,592.7189695
1992-05-14 00:00:00,665.7458223,435.7841988,264.4963999,100.9390631
1992-05-15 00:00:00,293.9217592,193.1441476,147.6516214,481.8408221
1992-05-16 00:00:00,411.274373,209.1568783,151.3949498,130.6812289
1992-05-17 00:00:00,521.8113753,617.0713726,636.5145248,254.5643322
1992-05-18 00:00:00,318.1777614,667.6692773,215.1203948,135.7148202
1992-05-19 00:00:00,683.0692496,323.9855898,294.0229373,462.2772718
1992-05-20 00:00:00,677.468377,262.4468039,235.9938413,511.9539481
1992-05-21 00:00:00,251.0693775,486.3997259,312.9977835,168.6925828
1992-05-22 00:00:00,398.3491035,345.2405027,141.6543056,330.3033298
1992-05-23 00:00:00,280.5269859,115.2318134,411.4358745,373.7419054
1992-05-24 00:00:00,270.9042966,193.6915584,140.5675382,321.4318131
1992-05-25 00:00:00,122.1321684,529.5833373,580.2139047,172.6150003
1992-05-26 00:00:00,465.7386004,495.3543651,240.2272491,351.3686741
1992-05-27 00:00:00,401.6074139,116.2575955,424.0071488,550.7068287
1992-05-28 00:00:00,130.8872507,233.1832972,628.0474525,142.6045987
1992-05-29 00:00:00,267.1878785,238.644878,490.5264214,148.1080084
1992-05-30 00:00:00,644.9595316,503.1356462,419.7746719,312.8627751
1992-05-31 00:00:00,243.7371344,111.8263227,294.6002519,665.035427
1992-06-01 00:00:00,186.9369233,162.4651492,299.8011478,501.143588
1992-06-02 00:00:00,393.6716562,579.9496512,501.6921731,507.201974
1992-06-03 00:00:00,691.3902725,207.1267972,696.4836167,317.1519945
1992-06-04 00:00:00,245.2331629,491.6476647,497.1035139,456.1964747
1992-06-05 00:00:00,503.2813284,242.9096686,434.6700504,106.0787104
1992-06-06 00:00:00,556.9717692,159.6648357,538.3903061,481.6576278
1992-06-07 00:00:00,242.5825264,245.9033146,379.1233674,647.9721685
1992-06-08 00:00:00,536.9298092,533.3601591,136.0854056,467.544081
1992-06-09 00:00:00,320.6698796,613.4178809,437.3780895,624.2191561
1992-06-10 00:00:00,479.3834984,598.1319187,674.5751707,534.3838333
1992-06-11 00:00:00,480.1178265,338.3101178,205.1817654,172.3350498
1992-06-12 00:00:00,421.4648104,500.8510819,514.0029345,641.4719844
1992-06-13 00:00:00,154.173862,222.9905772,220.5602132,139.8663066
1992-06-14 00:00:00,601.1814974,275.8886382,421.4966107,420.3804835
1992-06-15 00:00:00,292.468039,637.8014911,158.0058698,185.2822743
1992-06-16 00:00:00,211.9111062,107.8011541,370.2225618,107.0239664
1992-06-17 00:00:00,124.4650849,151.3051185,553.6979973,353.2205561
1992-06-18 00:00:00,454.5357659,224.7317531,308.5429145,277.0244246
1992-06-19 00:00:00,506.5386171,115.9193223,498.9470347,391.6002963
1992-06-20 00:00:00,109.9526974,208.8612611,577.2699765,446.319932
1992-06-21 00:00:00,407.255835,449.8249366,656.3066917,126.2434434
1992-06-22 00:00:00,235.8974651,352.8547304,240.7852491,173.8019771
1992-06-23 00:00:00,487.1036742,635.6030266,339.5895495,435.1854379
1992-06-24 00:00:00,204.6198574,590.466137,191.449608,305.9004119
1992-06-25 00:00:00,514.5626429,305.090411,695.4901013,537.5040925
1992-06-26 00:00:00,332.0412078,255.6540601,656.2005808,491.3749892
1992-06-27 00:00:00,662.0379932,327.8154449,423.9742782,607.3626178
1992-06-28 00:00:00,182.5125665,454.1769655,605.2199766,515.495696
1992-06-29 00:00:00,304.6398106,260.8381845,412.5747864,357.9586464
1992-06-30 00:00:00,168.0841127,474.4893447,474.1514128,503.7799734
1992-07-01 00:00:00,654.816171,345.6469913,153.4746593,265.2287046
1992-07-02 00:00:00,626.403612,431.2283085,553.1622523,283.7880993
1992-07-03 00:00:00,254.7649766,361.6759175,176.6280902,573.391096
1992-07-04 00:00:00,495.9904276,276.6794557,595.6405782,367.8517098
1992-07-05 00:00:00,590.3333201,669.0719842,569.2168526,579.0282043
1992-07-06 00:00:00,433.120487,558.1634765,525.2468186,593.4534242
1992-07-07 00:00:00,417.790347,184.0679055,121.6962283,614.5374026
1992-07-08 00:00:00,245.1113745,621.0807855,281.8770136,649.9811415
1992-07-09 00:00:00,155.8616607,392.4587189,257.8675419,358.5911323
1992-07-10 00:00:00,638.3294548,636.7313361,316.0818445,291.320091
1992-07-11 00:00:00,640.2508343,579.9131536,152.5856481,449.319248
1992-07-12 00:00:00,479.8608744,355.1281027,662.1746938,322.7034541
1992-07-13 00:00:00,303.4178746,113.481585,432.2813444,460.6445001
1992-07-14 00:00:00,309.5257448,261.2064156,283.3145864,523.3515176
1992-07-15 00:00:00,535.5734073,424.9805288,338.1889102,513.0430111
1992-07-16 00:00:00,638.266156,480.0869319,368.3215243,324.7317322
1992-07-17 00:00:00,632.2518546,254.7326113,460.3566,200.116121
1992-07-18 00:00:00,567.9253275,183.6136444,409.4076566,358.3176031
1992-07-19 00:00:00,485.2189877,600.9581421,651.6351839,185.5564864
1992-07-20 00:00:00,150.483979,690.6413084,398.1780897,634.0582211
1992-07-21 00:00:00,196.9772285,415.4141094,695.2948089,307.5264764
1992-07-22 00:00:00,639.1325131,203.0075715,610.8549746,192.6758483
1992-07-23 00:00:00,463.8574358,263.3843959,225.1063086,115.2686559
1992-07-24 00:00:00,105.518231,111.0344059,658.3571288,487.4934318
1992-07-25 00:00:00,160.8829257,648.5792839,169.8198387,482.1413905
1992-07-26 00:00:00,498.1010615,170.6506497,590.4698251,304.3624999
1992-07-27 00:00:00,103.0369503,445.9098853,328.3739761,143.0271333
1992-07-28 00:00:00,196.4848309,264.4331324,626.7845923,345.7773369
1992-07-29 00:00:00,429.2402736,432.5068015,620.8340141,286.730497
1992-07-30 00:00:00,515.1371186,490.852233,583.5552401,506.2723838
1992-07-31 00:00:00,491.1767557,597.8450822,574.0182618,463.4675497
1992-08-01 00:00:00,234.5615857,223.8527631,282.8074835,318.7562369
1992-08-02 00:00:00,527.3075328,106.5974972,148.5515698,230.7355326
1992-08-03 00:00:00,242.3494525,182.131378,341.7881073,692.8215797
1992-08-04 00:00:00,295.2398189,640.0111851,204.114709,372.4009727
1992-08-05 00:00:00,547.8948431,624.3340465,516.9706533,512.9645415
1992-08-06 00:00:00,489.7797394,458.4478613,307.6598359,184.3317805
1992-08-07 00:00:00,609.5340463,460.3101163,685.3661205,391.3538198
1992-08-08 00:00:00,494.5677354,499.0220047,484.5832464,116.5220319
1992-08-09 00:00:00,440.985162,205.2227672,593.4883382,403.2730707
1992-08-10 00:00:00,156.2048607,648.6471676,179.5148036,678.4104443
1992-08-11 00:00:00,320.6294818,351.2623149,617.2086894,330.5240278
1992-08-12 00:00:00,259.1214206,329.8831169,653.6543143,123.3976075
1992-08-13 00:00:00,246.393786,411.3506232,392.2371513,118.5734746
1992-08-14 00:00:00,683.8063329,128.1795801,463.7517627,332.792056
1992-08-15 00:00:00,335.8586348,199.7700213,558.8858805,196.0149619
1992-08-16 00:00:00,635.2279331,542.8201699,204.9031764,114.0112578
1992-08-17 00:00:00,478.6831756,149.6792008,401.5396459,553.7281684
1992-08-18 00:00:00,576.8867821,461.8912657,339.1978167,375.1138053
1992-08-19 00:00:00,401.5822559,247.2094658,187.8243953,273.5468632
1992-08-20 00:00:00,446.1423308,333.5773684,320.5206534,640.0499098
1992-08-21 00:00:00,395.5106163,273.2162421,140.9033856,169.6833761
1992-08-22 00:00:00,217.1457927,313.4036299,115.4871442,673.5512974
1992-08-23 00:00:00,533.4712692,531.4275431,181.0997735,288.3800304
1992-08-24 00:00:00,268.4634175,278.2730294,677.869067,633.0422034
1992-08-25 00:00:00,114.5895799,439.8427842,429.7177215,461.7657259
1992-08-26 00:00:00,487.2833775,385.6302413,679.4932967,596.0244158
1992-08-27 00:00:00,206.2664076,498.2026992,359.498727,690.4078979
1992-08-28 00:00:00,664.2751506,662.0978436,287.0896799,273.0432627
1992-08-29 00:00:00,672.3571462,539.5432583,403.6851177,676.6812912
1992-08-30 00:00:00,648.9186341,228.9642272,363.7070132,333.6891369
1992-08-31 00:00:00,322.0952202,118.709881,163.3988106,331.3071428
1992-09-01 00:00:00,109.2739699,257.3584266,484.4957888,304.2322626
1992-09-02 00:00:00,656.9911376,457.0467584,229.6229095,424.8445644
1992-09-03 00:00:00,356.910489,130.8554881,471.7527729,192.4870259
1992-09-04 00:00:00,679.9928914,397.8197483,490.1206554,432.2268912
1992-09-05 00:00:00,678.1719863,458.1057094,191.2149119,425.0228874
1992-09-06 00:00:00,611.8056733,300.5463345,136.8097763,557.1410876
1992-09-07 00:00:00,276.6693352,562.5473222,568.4569516,600.1899772
1992-09-08 00:00:00,331.0586372,163.9589519,375.8802543,364.2648102
1992-09-09 00:00:00,610.6820029,145.082669,134.8982773,281.3999496
1992-09-10 00:00:00,290.1532031,536.9132537,696.9197903,255.6009384
1992-09-11 00:00:00,201.695648,397.2947897,134.6683366,216.774302
1992-09-12 00:00:00,434.0807575,513.0414379,517.0211373,134.5885493
1992-09-13 00:00:00,661.6928645,360.8964032,690.2073552,305.4687873
1992-09-14 00:00:00,517.617878,247.8412199,243.5080625,262.1486153
1992-09-15 00:00:00,442.0367021,591.4613906,185.3496212,679.8504315
1992-09-16 00:00:00,158.3058963,579.6495274,172.8309637,434.6252958
1992-09-17 00:00:00,469.004336,516.8178825,281.9650885,308.3662234
1992-09-18 00:00:00,694.0323101,263.2870823,160.6274866,448.2805606
1992-09-19 00:00:00,184.0504091,454.1384001,515.296805,183.5180208
1992-09-20 00:00:00,410.9977914,316.5843382,137.3750789,366.4262495
1992-09-21 00:00:00,626.4238432,154.949244,405.6532769,475.7405929
1992-09-22 00:00:00,544.4611707,650.3881453,698.0181123,393.3386991
1992-09-23 00:00:00,518.2094446,182.0911786,588.3821617,341.0672804
1992-09-24 00:00:00,521.4904504,670.1424123,469.1316629,696.3090333
1992-09-25 00:00:00,315.6946907,367.6034638,283.7521725,628.1888573
1992-09-26 00:00:00,276.1551066,211.0797573,474.3375018,474.0435749
1992-09-27 00:00:00,585.6166933,425.1405684,416.2248783,441.6264167
1992-09-28 00:00:00,586.0680368,623.7675015,355.6500303,472.3962879
1992-09-29 00:00:00,620.2433911,539.3349318,178.426226,220.7872647
1992-09-30 00:00:00,647.9443315,583.9366887,631.9625291,337.082646
1992-10-01 00:00:00,406.8054393,495.27002,369.8707893,123.6757197
1992-10-02 00:00:00,400.9097768,515.3659387,216.7735071,385.3276225
1992-10-03 00:00:00,578.9771074,609.5173909,320.6556105,425.8147504
1992-10-04 00:00:00,489.9783585,249.8008053,348.4778515,236.6498417
1992-10-05 00:00:00,521.1801264,393.6549782,596.5227373,678.4173083
1992-10-06 00:00:00,577.4756017,232.7256651,540.1686283,645.6727666
1992-10-07 00:00:00,634.0032051,692.6008048,561.5829362,533.2859413
1992-10-08 00:00:00,302.7970941,666.4356038,106.6187587,420.0319773
1992-10-09 00:00:00,325.3497716,123.6560868,349.6923989,621.9814958
1992-10-10 00:00:00,156.3891639,523.3451035,388.806491,178.3914063
1992-10-11 00:00:00,446.9680846,655.1489904,111.5153661,574.3058766
1992-10-12 00:00:00,121.5653643,208.3452071,255.8879252,174.8924884
1992-10-13 00:00:00,379.3588109,440.7671383,556.1738939,576.5263975
1992-10-14 00:00:00,425.5867808,649.2929786,182.2658234,265.460541
1992-10-15 00:00:00,271.9247513,120.3675872,421.1860789,626.2543486
1992-10-16 00:00:00,454.4999563,518.4521603,229.1211232,666.4252563
1992-10-17 00:00:00,118.30015,278.4094044,107.2724648,189.2775816
1992-10-18 00:00:00,122.4089132,654.6377172,244.7208746,377.605363
1992-10-19 00:00:00,593.5603364,682.6349471,685.5242529,688.5924269
1992-10-20 00:00:00,316.1143848,666.5598935,580.9222671,390.0444616
1992-10-21 00:00:00,176.2363076,384.52853,675.7459866,618.1285135
1992-10-22 00:00:00,413.345956,617.2255906,392.7124264,453.2389133
1992-10-23 00:00:00,561.9961319,606.7296391,165.8417192,325.1979448
1992-10-24 00:00:00,229.4926165,291.4602839,428.7756934,271.4701333
1992-10-25 00:00:00,473.7342855,597.3492845,372.6264007,221.9338547
1992-10-26 00:00:00,151.208479,122.2045808,606.6142496,557.0789148
1992-10-27 00:00:00,131.0090327,457.7619271,158.8495485,331.9243041
1992-10-28 00:00:00,418.8127789,238.0053024,392.9446822,406.7652773
1992-10-29 00:00:00,424.381073,172.3401315,190.0291988,395.395288
1992-10-30 00:00:00,482.4579409,146.171921,294.8055561,446.3674175
1992-10-31 00:00:00,535.6548002,517.7732655,542.4142464,619.3462874
1992-11-01 00:00:00,685.5112477,303.9249783,385.6108776,688.4436062
1992-11-02 00:00:00,409.780209,534.8600629,325.5329711,344.5505251
1992-11-03 00:00:00,293.7738838,139.2138045,336.6857671,596.5113533
1992-11-04 00:00:00,577.1117169,289.1742027,375.668061,558.7166768
1992-11-05 00:00:00,262.4993508,423.6947754,571.0099263,444.1173709
1992-11-06 00:00:00,363.3828524,574.4338989,635.2508134,673.6282862
1992-11-07 00:00:00,147.0738288,291.2515018,673.2008119,220.2847093
1992-11-08 00:00:00,115.210446,475.5348259,572.1420318,165.5585262
1992-11-09 00:00:00,677.5890488,631.5866489,289.2441374,612.3771802
1992-11-10 00:00:00,601.5880723,469.5179129,512.8808237,363.48989
1992-11-11 00:00:00,517.5845237,239.7756849,362.5618744,608.1813125
1992-11-12 00:00:00,345.3717666,114.6404689,252.8023732,635.8541231
1992-11-13 00:00:00,203.976592,622.0593243,604.5229477,137.4745562
1992-11-14 00:00:00,193.8622256,112.7616465,123.0558094,630.0788578
1992-11-15 00:00:00,250.1457389,624.8210036,641.0571953,368.9914332
1992-11-16 00:00:00,429.5359988,417.3622804,376.8864788,406.2594934
1992-11-17 00:00:00,528.7575536,663.4406191,482.3208861,475.9555067
1992-11-18 00:00:00,496.118426,579.2699415,495.6123533,655.829564
1992-11-19 00:00:00,267.9603382,698.7604663,637.0706444,111.4696567
1992-11-20 00:00:00,672.9191684,310.4270893,482.0018093,386.106081
1992-11-21 00:00:00,542.73815,560.3129734,468.3601509,512.6332255
1992-11-22 00:00:00,432.6124315,341.1585482,139.9912243,533.6241746
1992-11-23 00:00:00,467.0324477,387.9253722,411.0448132,515.5194589
1992-11-24 00:00:00,351.7600375,476.5032779,190.1014005,180.6610776
1992-11-25 00:00:00,248.6385937,624.2062685,542.4602612,279.637353
1992-11-26 00:00:00,313.5836072,690.4500815,407.3331525,315.2293153
1992-11-27 00:00:00,554.7076663,560.9640483,508.1366675,582.6623246
1992-11-28 00:00:00,108.6360932,350.6600693,125.0037404,267.2559234
1992-11-29 00:00:00,169.6435843,352.8142014,150.8752096,226.4229783
1992-11-30 00:00:00,127.6015852,542.549381,529.7940328,674.4688114
1992-12-01 00:00:00,124.4372814,243.2662875,143.2506016,105.3179711
1992-12-02 00:00:00,613.2763504,166.2844679,142.7540367,698.6925134
1992-12-03 00:00:00,522.1947156,312.7732946,107.2650851,506.0927793
1992-12-04 00:00:00,384.5042975,272.343395,673.900839,597.0815797
1992-12-05 00:00:00,158.7004964,277.7848723,542.5050157,276.7716378
1992-12-06 00:00:00,394.9695251,240.1646506,311.9508451,108.5891666
1992-12-07 00:00:00,384.0830625,125.2559138,277.9213488,542.7217111
1992-12-08 00:00:00,203.9211219,110.7243608,309.8219378,600.4867582
1992-12-09 00:00:00,360.3109895,692.6334338,564.7921187,544.2856792
1992-12-10 00:00:00,339.1028406,356.6638802,496.8223666,185.7101724
1992-12-11 00:00:00,469.5100588,330.5959883,211.1173407,552.0567534
1992-12-12 00:00:00,481.0561905,507.7883696,204.4656012,561.3536693
1992-12-13 00:00:00,127.1824059,230.9523327,159.0373898,495.1243094
1992-12-14 00:00:00,324.7675688,669.9767104,496.1816318,559.6695597
1992-12-15 00:00:00,475.5159494,571.8070086,558.6235973,607.5528638
1992-12-16 00:00:00,401.8817551,153.6466014,259.027857,468.1624685
1992-12-17 00:00:00,613.8939047,350.5484655,112.5669766,153.1628284
1992-12-18 00:00:00,495.216179,627.4709845,149.3030005,392.5766858
1992-12-19 00:00:00,197.7606562,666.8392134,680.7160209,146.5896008
1992-12-20 00:00:00,142.3412484,380.4409067,277.2668665,344.5258186
1992-12-21 00:00:00,485.4515669,468.0468335,561.5338887,344.2638935
1992-12-22 00:00:00,115.9067863,200.2203677,474.7981413,139.6059065
1992-12-23 00:00:00,451.4653488,694.7011757,329.1637838,309.2923204
1992-12-24 00:00:00,664.1381449,239.0030208,223.4123573,166.5988593
1992-12-25 00:00:00,445.2845067,665.6390645,172.8318509,584.941126
1992-12-26 00:00:00,332.9019557,489.7879894,469.0077808,668.6128156
1992-12-27 00:00:00,485.9729311,464.6420769,564.7802684,143.3898852
1992-12-28 00:00:00,374.9517343,407.6131066,486.3425521,673.0691244
1992-12-29 00:00:00,427.3700736,238.401887,418.1812799,413.5459596
1992-12-30 00:00:00,664.8788853,205.9168192,125.1707341,279.7394068
1992-12-31 00:00:00,331.6615827,232.2917254,681.0932666,146.1172452
1993-01-01 00:00:00,676.7143383,211.8629573,579.228515,400.3745608
1993-01-02 00:00:00,643.2103852,567.7506841,275.693222,576.7093267
1993-01-03 00:00:00,217.4746809,310.0751555,687.9821976,524.2518864
1993-01-04 00:00:00,141.6167805,134.7056059,461.1289538,130.1356069
1993-01-05 00:00:00,160.4668008,681.4615781,449.4535949,143.7411012
1993-01-06 00:00:00,110.9330954,630.271531,548.8439077,341.7239696
1993-01-07 00:00:00,156.6657765,656.6513699,587.0618729,277.1742964
1993-01-08 00:00:00,509.804064,696.9446936,493.8871644,239.4305938
1993-01-09 00:00:00,142.7131891,204.3371495,176.8574478,268.6026993
1993-01-10 00:00:00,291.3853782,337.7452113,302.9605036,582.089646
1993-01-11 00:00:00,606.9251866,554.9430854,656.8501842,657.5368322
1993-01-12 00:00:00,113.9631614,517.6123708,234.7693671,343.0616167
1993-01-13 00:00:00,588.6810896,192.3375438,323.3002143,643.6666013
1993-01-14 00:00:00,269.1128649,589.499875,359.2461298,292.8974207
1993-01-15 00:00:00,170.8988966,234.6643431,363.6429938,385.8621918
1993-01-16 00:00:00,518.0422992,234.2905689,467.7637495,235.6173987
1993-01-17 00:00:00,477.3657081,422.1846537,665.8455026,484.2856253
1993-01-18 00:00:00,626.4832081,455.7639609,244.4156271,687.3886691
1993-01-19 00:00:00,541.0426263,448.0517247,172.9008258,462.0958576
1993-01-20 00:00:00,582.0885582,154.8921024,218.4822939,314.6884505
1993-01-21 00:00:00,269.2207435,626.4765176,632.1549401,488.6904676
1993-01-22 00:00:00,206.4637263,259.3600256,487.4864876,173.7524071
1993-01-23 00:00:00,550.368851,177.7089528,271.5440735,633.1954482
1993-01-24 00:00:00,584.1008436,633.2488479,589.5681634,401.8503705
1993-01-25 00:00:00,694.3030852,673.3908989,616.8219978,369.6098452
1993-01-26 00:00:00,347.5706061,617.2765704,607.9086032,451.5188731
1993-01-27 00:00:00,323.2108515,585.7096448,651.3559202,474.8703177
1993-01-28 00:00:00,565.8477764,493.1451884,251.3446121,143.0654837
1993-01-29 00:00:00,304.4821242,430.5144224,553.0251572,509.5703327
1993-01-30 00:00:00,658.4543954,152.1920559,376.3236984,245.1590082
1993-01-31 00:00:00,615.0476511,345.0719278,605.1991317,528.3715795
1993-02-01 00:00:00,357.3964164,323.6131102,537.0944063,593.5208766
1993-02-02 00:00:00,550.5226407,255.8522703,565.8684679,582.3751045
1993-02-03 00:00:00,552.7257245,534.0520682,493.6971026,431.5005804
1993-02-04 00:00:00,161.8743213,397.525441,206.4572617,412.1019354
1993-02-05 00:00:00,641.531744,148.6277295,427.0161513,185.7255768
1993-02-06 00:00:00,403.1514235,232.1099212,690.8018437,565.2076902
1993-02-07 00:00:00,595.8744797,509.9552582,662.4328399,262.8456283
1993-02-08 00:00:00,292.0297606,145.6785157,125.9042415,398.0172537
1993-02-09 00:00:00,637.3139371,610.7241484,198.8888894,270.5644558
1993-02-10 00:00:00,333.5210072,397.0879162,179.0372641,180.2970178
1993-02-11 00:00:00,106.5025909,388.3519464,535.587946,477.7346181
1993-02-12 00:00:00,643.2291859,455.4446708,590.6711979,132.5992209
1993-02-13 00:00:00,154.7720061,594.8085796,228.1068198,549.1871405
1993-02-14 00:00:00,291.5881826,308.6855247,403.5116158,290.5520772
1993-02-15 00:00:00,670.0371802,506.8096915,604.4218168,100.0808158
1993-02-16 00:00:00,670.3642882,439.4391784,539.6809269,406.6774835
1993-02-17 00:00:00,444.0627329,260.2169621,425.3423233,128.1111451
1993-02-18 00:00:00,479.1023273,627.1779918,454.2086143,265.7017347
1993-02-19 00:00:00,369.0673132,578.455613,405.0163281,524.1858925
1993-02-20 00:00:00,275.926463,495.0711008,278.5290708,137.613773
1993-02-21 00:00:00,297.1987272,610.3490375,439.0131957,603.6030954
1993-02-22 00:00:00,503.5110736,620.3765206,513.3311812,102.2919536
1993-02-23 00:00:00,551.4247177,525.017786,623.9937495,248.0943215
1993-02-24 00:00:00,574.9474262,602.207997,481.7748124,544.5424337
1993-02-25 00:00:00,573.7708857,518.482877,556.6729222,289.7620898
1993-02-26 00:00:00,154.7236618,508.0844631,196.042981,161.1354328
1993-02-27 00:00:00,396.6521828,471.1668269,376.9344847,316.1403513
1993-02-28 00:00:00,134.535256,551.6299837,105.5989719,262.2359718
1993-03-01 00:00:00,429.7173294,195.1630632,248.0073187,605.6271413
1993-03-02 00:00:00,364.9183008,628.5224555,535.8770291,288.0087506
1993-03-03 00:00:00,632.6225097,623.1061166,695.0859708,573.3594831
1993-03-04 00:00:00,310.5490075,117.5483698,159.5068598,635.1232869
1993-03-05 00:00:00,170.2402099,595.4900503,340.8965895,360.2904517
1993-03-06 00:00:00,185.7950092,177.3219205,580.0425812,645.9658863
1993-03-07 00:00:00,556.906379,301.0713126,222.4213808,326.3908324
1993-03-08 00:00:00,470.930838,546.1049538,433.0509696,678.4470499
1993-03-09 00:00:00,160.6736057,196.4559376,539.8427776,153.5737147
1993-03-10 00:00:00,150.4640837,590.7802145,469.5912702,512.2115599
1993-03-11 00:00:00,520.5814789,599.2805068,212.8148408,396.2884243
1993-03-12 00:00:00,143.6578038,404.4806403,313.2307412,332.5892833
1993-03-13 00:00:00,593.1160356,103.831523,570.2750707,479.6271272
1993-03-14 00:00:00,523.7453363,272.2228799,432.5359085,522.314255
1993-03-15 00:00:00,148.8092684,470.156151,103.1377681,102.6179618
1993-03-16 00:00:00,150.9026285,688.7117068,556.594456,200.1718532
1993-03-17 00:00:00,691.9837471,479.0881162,121.186813,527.8276304
1993-03-18 00:00:00,324.5624775,255.8821486,547.4402696,499.8312481
1993-03-19 00:00:00,322.3852882,480.4034219,221.4883361,679.6285031
1993-03-20 00:00:00,587.6797404,423.9912278,674.8440881,556.6226742
1993-03-21 00:00:00,668.3491464,567.9072371,320.7644508,670.4636246
1993-03-22 00:00:00,691.6006383,164.1883833,296.1589698,521.5243009
1993-03-23 00:00:00,552.0269112,556.6167415,189.3328302,278.8313252
1993-03-24 00:00:00,325.7557513,424.7599472,283.3625293,163.2189534
1993-03-25 00:00:00,150.10043,677.7952023,625.9904571,569.094318
1993-03-26 00:00:00,566.2881496,305.1232996,697.8006026,486.4895329
1993-03-27 00:00:00,435.0425498,479.5731359,320.9857183,128.9116074
1993-03-28 00:00:00,354.5332055,659.2168633,369.1663786,316.0302795
1993-03-29 00:00:00,643.8126311,161.5058368,533.2425629,674.0798893
1993-03-30 00:00:00,166.7184894,662.3370923,631.7174683,400.2406874
1993-03-31 00:00:00,395.5750626,512.7314334,455.8266005,359.6374816
1993-04-01 00:00:00,106.8121869,140.7022355,334.9154189,374.6197631
1993-04-02 00:00:00,381.1963852,280.5781402,347.5731045,225.3296344
1993-04-03 00:00:00,133.7819654,524.9032532,517.3708879,321.2243025
1993-04-04 00:00:00,171.2907498,140.4103609,101.9309582,321.8879536
1993-04-05 00:00:00,170.5157481,449.3022761,471.7536025,131.4130121
1993-04-06 00:00:00,489.5261813,307.5298342,313.2958063,560.5405771
1993-04-07 00:00:00,547.6269276,472.5493107,576.5183988,349.9026591
1993-04-08 00:00:00,450.0212591,127.4452203,155.7943839,593.3079321
1993-04-09 00:00:00,677.3035291,622.9220837,452.9213602,610.2088007
1993-04-10 00:00:00,324.9223477,684.0933815,388.5837339,227.1964328
1993-04-11 00:00:00,271.4272518,681.3267132,485.3953155,494.4120893
1993-04-12 00:00:00,621.1594769,549.791099,138.9121567,383.3690825
1993-04-13 00:00:00,234.1575031,178.0517441,447.9902725,628.0940428
1993-04-14 00:00:00,677.9335237,554.9579176,436.8907528,229.4444075
1993-04-15 00:00:00,107.2926848,114.7521499,436.3960566,506.6879202
1993-04-16 00:00:00,681.927296,113.2741309,462.0926,464.6512734
1993-04-17 00:00:00,125.8959472,294.1661315,505.8807623,277.1808865
1993-04-18 00:00:00,634.6858682,393.1859142,582.9933998,181.9605422
1993-04-19 00:00:00,416.6206655,562.2444507,261.8924321,490.9838563
1993-04-20 00:00:00,695.7788777,509.977226,595.0296461,543.1584749
1993-04-21 00:00:00,144.2779388,367.5416238,398.9534094,289.3764063
1993-04-22 00:00:00,432.3125706,264.1759998,146.2349675,486.8995624
1993-04-23 00:00:00,681.5815214,698.2747001,135.1305575,337.0785446
1993-04-24 00:00:00,413.8587065,355.7087813,300.5429912,527.92413
1993-04-25 00:00:00,477.6391829,370.8322146,570.9381863,219.5291649
1993-04-26 00:00:00,517.4492134,198.1742927,524.6085608,634.1290016
1993-04-27 00:00:00,372.7246389,576.8857292,573.1689788,272.4457579
1993-04-28 00:00:00,476.5348481,516.2093355,410.3614339,320.6715927
1993-04-29 00:00:00,450.5885872,232.4617677,364.1193988,134.8551712
1993-04-30 00:00:00,640.6948063,149.4286274,188.471516,166.9073274
1993-05-01 00:00:00,127.2678282,508.2995812,296.9156522,409.5171416
1993-05-02 00:00:00,268.5779138,492.7067286,360.4116197,260.555606
1993-05-03 00:00:00,670.2468904,263.9557162,153.1602578,601.2881354
1993-05-04 00:00:00,634.1582703,670.5181374,232.3671716,108.8160332
1993-05-05 00:00:00,373.3940517,190.6347351,458.9351764,327.4564292
1993-05-06 00:00:00,472.0795587,359.4008806,541.3978685,302.4073281
1993-05-07 00:00:00,266.4287098,666.1695521,699.0085068,111.5965786
1993-05-08 00:00:00,212.8726958,351.8363902,659.8679988,174.6210394
1993-05-09 00:00:00,378.219043,483.1155686,485.5391197,348.185605
1993-05-10 00:00:00,312.0113368,338.5566388,352.748832,395.7187507
1993-05-11 00:00:00,450.1936671,264.5291214,481.7064188,342.5738484
1993-05-12 00:00:00,146.6407822,690.3865888,571.3909708,418.562607
1993-05-13 00:00:00,684.6368846,345.6004038,171.0017146,457.0790049
1993-05-14 00:00:00,691.7264467,636.4595222,345.9429338,105.9542927
1993-05-15 00:00:00,518.8970284,237.9727635,603.8813714,378.4570957
1993-05-16 00:00:00,421.6578198,227.8628224,330.2997712,678.0995445
1993-05-17 00:00:00,285.7165698,118.6804497,443.1233627,411.4193681
1993-05-18 00:00:00,588.2770118,491.0000952,452.6616165,506.5253605
1993-05-19 00:00:00,510.8387035,321.1158062,210.6857519,287.1183148
1993-05-20 00:00:00,197.5701636,618.6149499,317.341265,564.3948269
1993-05-21 00:00:00,646.5563107,383.925944,300.7067732,563.7528891
1993-05-22 00:00:00,593.5223458,680.9160567,115.7180251,412.7776286
1993-05-23 00:00:00,669.879948,211.3153094,114.5150583,685.608294
1993-05-24 00:00:00,535.431705,621.1739008,599.0182262,175.3301289
1993-05-25 00:00:00,468.0491176,565.9581117,263.842486,110.1685989
1993-05-26 00:00:00,350.9458218,562.5531068,410.8472597,562.0949271
1993-05-27 00:00:00,659.63709,606.8699369,279.2353442,584.2933224
1993-05-28 00:00:00,619.6383337,556.6143946,664.4075471,172.1243375
1993-05-29 00:00:00,127.1312021,475.732193,255.5780553,259.3496998
1993-05-30 00:00:00,115.8201847,178.7469266,357.7940876,110.531418
1993-05-31 00:00:00,325.8780201,119.5157077,623.6381503,275.9851665
1993-06-01 00:00:00,586.3319985,652.5087087,605.1601401,563.8851244
1993-06-02 00:00:00,692.3656776,469.9901887,211.6608507,410.7763166
1993-06-03 00:00:00,190.2501347,577.9223746,581.5859859,308.8573559
1993-06-04 00:00:00,456.4784292,388.9134109,374.912132,323.0435769
1993-06-05 00:00:00,328.534514,170.3849134,389.7813233,100.8121754
1993-06-06 00:00:00,681.9486387,175.1114753,180.0879834,279.8803165
1993-06-07 00:00:00,605.2713539,511.3391723,148.3609083,487.875245
1993-06-08 00:00:00,602.9972228,358.1835369,536.7635842,684.5166663
1993-06-09 00:00:00,381.2158959,220.314836,397.8766914,608.2364962
1993-06-10 00:00:00,348.8917014,394.956728,362.1104216,114.1569788
1993-06-11 00:00:00,264.0442432,138.5253622,537.7049372,639.1363628
1993-06-12 00:00:00,133.825298,449.1828411,559.3077394,569.919048
1993-06-13 00:00:00,618.8334258,261.3960427,195.3449006,568.2256741
1993-06-14 00:00:00,587.7406055,578.5354604,466.1350897,374.7974554
1993-06-15 00:00:00,699.830604,286.2171754,181.2124494,338.8031758
1993-06-16 00:00:00,697.9821022,373.1320894,550.8250516,281.7494373
1993-06-17 00:00:00,433.2590234,106.9723239,494.1730938,139.4169154
1993-06-18 00:00:00,561.3924491,143.4681327,673.9687727,236.9412181
1993-06-19 00:00:00,666.8594379,335.4961338,141.3748098,247.962181
1993-06-20 00:00:00,609.7884344,387.9633008,134.2328327,390.4462418
1993-06-21 00:00:00,248.408861,460.0123289,269.3122448,548.466644
1993-06-22 00:00:00,370.3264812,274.9975472,257.0234102,384.285897
1993-06-23 00:00:00,177.4956491,516.9891317,248.1872794,134.7066697
1993-06-24 00:00:00,672.4306164,616.0734383,643.7527483,674.6738806
1993-06-25 00:00:00,463.7047807,567.9105933,249.7277199,665.6345915
1993-06-26 00:00:00,237.1856833,123.7712952,263.1698357,571.1137259
1993-06-27 00:00:00,503.0204106,388.3041684,555.6389575,694.7967409
1993-06-28 00:00:00,470.8769443,162.9581071,369.8439055,426.6893997
1993-06-29 00:00:00,314.8976308,245.2270095,566.0263342,677.6610102
1993-06-30 00:00:00,168.1345553,691.997556,139.2196945,145.3630244
1993-07-01 00:00:00,502.9439174,185.4973257,392.5427162,319.408449
1993-07-02 00:00:00,412.1846205,399.3328921,120.1681601,235.2287608
1993-07-03 00:00:00,563.391035,470.8934406,137.5919221,217.4998505
1993-07-04 00:00:00,412.0981007,521.4789823,643.862472,184.4817693
1993-07-05 00:00:00,611.3089002,435.7892101,183.5472227,473.4481849
1993-07-06 00:00:00,431.1441033,105.8625085,419.4524094,568.7931134
1993-07-07 00:00:00,436.5627829,295.8767849,346.6573616,446.9790397
1993-07-08 00:00:00,625.9921616,410.626986,308.4059958,188.1776258
1993-07-09 00:00:00,342.0897197,152.7198995,639.9000074,586.674262
1993-07-10 00:00:00,180.4091371,310.3761587,113.0940381,481.5728243
1993-07-11 00:00:00,117.2696058,119.9218653,498.2738117,332.8994237
1993-07-12 00:00:00,553.0823534,147.1470983,678.0366605,504.4781773
1993-07-13 00:00:00,472.1857308,338.1539657,436.1009101,255.9429875
1993-07-14 00:00:00,522.4478609,179.6294524,662.0934772,307.1153251
1993-07-15 00:00:00,227.7784969,440.524509,131.3547276,650.4915059
1993-07-16 00:00:00,181.8228854,513.6789815,351.2759914,274.3027034
1993-07-17 00:00:00,108.7267994,580.3520195,256.0946746,381.9929609
1993-07-18 00:00:00,310.3525353,220.0901465,538.492579,634.0846824
1993-07-19 00:00:00,453.9506121,200.4895494,688.7782543,524.6328102
1993-07-20 00:00:00,335.3464271,162.7407042,253.9180375,137.3219357
1993-07-21 00:00:00,362.4849532,481.8581497,492.5047609,188.3818266
1993-07-22 00:00:00,642.4952167,523.8854359,218.8585797,104.7049545
1993-07-23 00:00:00,308.9532802,118.9516869,439.1981527,478.5530741
1993-07-24 00:00:00,408.3936935,661.7273477,378.359492,368.6040552
1993-07-25 00:00:00,570.1918076,131.1827702,683.2031978,180.5649105
1993-07-26 00:00:00,337.9256694,424.7778012,465.1163636,674.7604726
1993-07-27 00:00:00,473.2520201,525.4363117,309.7038233,417.7958344
1993-07-28 00:00:00,617.4182252,622.5814742,168.4574709,245.1359765
1993-07-29 00:00:00,669.7123742,528.4521593,190.7480972,400.3621427
1993-07-30 00:00:00,188.2440886,581.0368498,235.190158,507.7721996
1993-07-31 00:00:00,655.9525751,303.6701155,250.5799968,145.7435308
1993-08-01 00:00:00,395.2697758,588.8950682,610.3696347,264.822289
1993-08-02 00:00:00,254.946633,148.0689078,436.733673,584.1792945
1993-08-03 00:00:00,375.4814537,636.8899936,414.0345468,375.7989222
1993-08-04 00:00:00,688.0195452,428.5554257,168.8613231,427.9462852
1993-08-05 00:00:00,395.5708564,590.378662,616.083816,359.6896013
1993-08-06 00:00:00,297.2509662,371.3909707,533.6885819,126.3399656
1993-08-07 00:00:00,480.0405126,486.1466171,140.6010171,199.4498679
1993-08-08 00:00:00,244.0873713,415.8415966,524.7010583,367.3249832
1993-08-09 00:00:00,145.5179969,538.9537131,426.1229304,225.5112792
1993-08-10 00:00:00,177.3278331,148.9779892,149.0352074,129.9874172
1993-08-11 00:00:00,176.8275034,136.2112504,374.9803849,606.1897984
1993-08-12 00:00:00,191.1416161,248.2619404,390.8177723,688.7155175
1993-08-13 00:00:00,183.2963036,195.7268081,199.4647241,575.8857244
1993-08-14 00:00:00,484.5248469,623.07014,667.4188882,612.270953
1993-08-15 00:00:00,209.1280506,231.5283924,609.9852229,245.1862782
1993-08-16 00:00:00,307.40037,685.5191535,501.4134024,676.3761853
1993-08-17 00:00:00,638.0730459,302.1374751,377.3773366,218.1554227
1993-08-18 00:00:00,384.3769842,209.2707494,347.059325,670.8578862
1993-08-19 00:00:00,500.5346431,573.8191043,490.5840803,696.8915764
1993-08-20 00:00:00,203.3919227,495.2246653,427.2591216,527.0336834
1993-08-21 00:00:00,215.3734113,398.9174299,137.3638635,688.6862391
1993-08-22 00:00:00,124.5211698,433.2181306,407.5015893,441.7238677
1993-08-23 00:00:00,201.3610378,531.521067,583.8421703,255.7250699
1993-08-24 00:00:00,267.1542034,237.0728448,375.5439266,362.1975314
1993-08-25 00:00:00,206.2062906,697.8003496,131.1739465,456.1365612
1993-08-26 00:00:00,153.2215203,684.8758973,571.7669196,143.8489372
1993-08-27 00:00:00,172.3815227,490.1954118,220.8182693,473.4059588
1993-08-28 00:00:00,376.4672608,219.7254706,255.1725009,688.7067021
1993-08-29 00:00:00,223.800231,508.1369455,198.8238121,214.0645899
1993-08-30 00:00:00,318.5619166,143.3190454,298.1290389,575.5570698
1993-08-31 00:00:00,402.0503625,118.3915013,554.0509034,644.7392763
1993-09-01 00:00:00,514.2368972,254.6097331,411.6315157,666.2209557
1993-09-02 00:00:00,123.5872839,377.573774,222.9287645,676.0813626
1993-09-03 00:00:00,579.6462393,620.9635032,626.6980469,412.8757832
1993-09-04 00:00:00,476.7402337,536.3014419,627.749113,686.3847448
1993-09-05 00:00:00,149.0554192,545.6239127,622.347055,554.3861243
1993-09-06 00:00:00,624.1471745,355.2960007,243.2777268,197.0028617
1993-09-07 00:00:00,652.5234403,307.5609955,370.7436065,386.1400639
1993-09-08 00:00:00,136.6467759,322.6232578,690.9937937,530.9987052
1993-09-09 00:00:00,266.1265889,692.5897382,563.2074858,248.4041895
1993-09-10 00:00:00,583.7207679,124.0655148,116.3004527,484.3691101
1993-09-11 00:00:00,548.9558142,620.2188977,139.1227548,499.9602874
1993-09-12 00:00:00,210.7126116,447.2052451,378.3588261,197.6198463
1993-09-13 00:00:00,225.609594,363.1692515,645.5321235,439.0511875
1993-09-14 00:00:00,322.2832617,535.1545962,423.2210788,562.9761466
1993-09-15 00:00:00,390.7137911,392.0013649,398.6875048,399.3373987
1993-09-16 00:00:00,470.9528629,624.0539428,163.28422,107.2618701
1993-09-17 00:00:00,321.3481837,640.4211184,494.0680628,105.4230814
1993-09-18 00:00:00,377.5208297,353.0325561,593.2618964,314.2176064
1993-09-19 00:00:00,548.4825629,266.0966783,328.2520045,655.7164411
1993-09-20 00:00:00,122.0099217,455.4101972,565.3671106,237.2060678
1993-09-21 00:00:00,251.4621666,647.4180074,678.6859923,480.6182133
1993-09-22 00:00:00,528.0097515,226.3973134,222.2598755,233.2455224
1993-09-23 00:00:00,637.1241026,473.7799501,413.9977787,293.0019938
1993-09-24 00:00:00,407.0064653,478.9361321,272.2827749,608.8252538
1993-09-25 00:00:00,419.2680912,539.8678134,575.7126514,537.3168654
1993-09-26 00:00:00,164.3032068,178.9406111,446.5560195,157.2395664
1993-09-27 00:00:00,368.4474201,529.4949788,480.7494505,357.2212126
1993-09-28 00:00:00,419.5703599,645.4195124,578.7484958,117.5018582
1993-09-29 00:00:00,245.4823022,207.8098653,337.5822836,388.534088
1993-09-30 00:00:00,261.5459386,242.525995,649.054041,497.460407
1993-10-01 00:00:00,326.3704979,682.8370564,419.8173203,171.1015742
1993-10-02 00:00:00,112.0427187,208.5861716,194.7728937,273.3309633
1993-10-03 00:00:00,293.2474993,612.631056,517.5394709,338.7019753
1993-10-04 00:00:00,226.8688042,395.3667139,575.9568103,651.7186148
1993-10-05 00:00:00,296.4984113,248.3386446,290.0570062,695.9530093
1993-10-06 00:00:00,171.8572791,622.4499408,614.3075542,126.9467794
1993-10-07 00:00:00,634.3163684,367.183153,643.6859529,556.6047541
1993-10-08 00:00:00,456.1554721,408.8904124,266.1426924,323.0344398
1993-10-09 00:00:00,507.4613915,315.5400216,690.1128836,335.4749117
1993-10-10 00:00:00,573.5027432,455.7705109,184.4269168,552.558984
1993-10-11 00:00:00,399.0653194,198.1143236,221.209401,651.0558593
1993-10-12 00:00:00,152.1521729,334.648922,210.5349035,670.5571567
1993-10-13 00:00:00,422.2639251,681.6473934,636.393826,446.2735516
1993-10-14 00:00:00,452.1046708,254.8800596,492.5755314,314.2726956
1993-10-15 00:00:00,547.2636845,494.0419987,191.2625699,572.5294515
1993-10-16 00:00:00,358.9957277,295.1140385,364.194051,250.60083
1993-10-17 00:00:00,176.5481817,564.0838754,469.178815,438.4444173
1993-10-18 00:00:00,270.2655435,178.5241964,150.078451,315.1470769
1993-10-19 00:00:00,317.8493778,681.892627,629.449821,493.9786442
1993-10-20 00:00:00,487.5503448,372.2737248,582.1621213,244.2393477
1993-10-21 00:00:00,442.4669828,241.630278,403.1240641,214.9557674
1993-10-22 00:00:00,313.6580355,144.0980484,680.2759692,650.943452
1993-10-23 00:00:00,691.9091493,201.8547431,350.6565876,161.0822098
1993-10-24 00:00:00,463.4648916,411.8643691,690.4661914,403.5747446
1993-10-25 00:00:00,242.336075,302.2019059,500.7519993,232.5116698
1993-10-26 00:00:00,161.0694836,597.3300195,480.802764,123.357978
1993-10-27 00:00:00,191.7154835,358.5325142,199.5729372,121.611291
1993-10-28 00:00:00,247.574637,249.2285636,629.156655,205.1330633
1993-10-29 00:00:00,196.408824,470.286992,356.4938128,620.0622127
1993-10-30 00:00:00,211.9402144,524.0663301,197.3400435,269.4872464
1993-10-31 00:00:00,271.0571012,200.2251447,107.564512,670.2755023
1993-11-01 00:00:00,204.0241572,200.5715298,435.8534102,448.9733758
1993-11-02 00:00:00,638.0592548,122.0028562,416.4397733,361.9685139
1993-11-03 00:00:00,148.1402474,541.841209,531.6121734,448.0533008
1993-11-04 00:00:00,414.7068337,498.2827166,634.1548318,410.0190311
1993-11-05 00:00:00,346.2380962,384.7785254,147.6439508,555.2657523
1993-11-06 00:00:00,689.4271701,606.5022694,538.8978942,269.4976396
1993-11-07 00:00:00,167.2233413,583.4020918,212.4471665,311.830235
1993-11-08 00:00:00,338.7133594,451.2126186,614.9062319,636.4565815
1993-11-09 00:00:00,681.68226,620.9627683,591.4381083,667.8739079
1993-11-10 00:00:00,619.3042755,223.504726,424.476253,635.5349365
1993-11-11 00:00:00,590.2432426,167.1517716,526.1456792,351.6687964
1993-11-12 00:00:00,254.7416962,261.8497669,288.6100679,568.2193018
1993-11-13 00:00:00,202.5325524,134.2521137,382.7007394,385.80144
1993-11-14 00:00:00,501.185932,418.7017168,592.9821386,398.5239113
1993-11-15 00:00:00,657.6255935,661.9634154,375.5591183,222.8080654
1993-11-16 00:00:00,434.0577358,123.6061244,314.6789592,454.678182
1993-11-17 00:00:00,442.9676137,173.2659484,396.5274684,211.6815387
1993-11-18 00:00:00,267.9874562,371.319417,596.9495515,298.9388194
1993-11-19 00:00:00,561.6957599,660.3250105,301.1248284,613.018121
1993-11-20 00:00:00,212.2262491,289.693663,204.2569559,224.2454855
1993-11-21 00:00:00,294.2075418,404.3408852,527.2084122,142.6949711
1993-11-22 00:00:00,355.2618632,124.9437154,595.5869276,141.4045556
1993-11-23 00:00:00,404.5662272,189.0059206,160.3824871,664.4707123
1993-11-24 00:00:00,245.4458394,691.9780738,243.9244677,404.1522628
1993-11-25 00:00:00,168.9020948,679.0712179,185.1831939,345.6472431
1993-11-26 00:00:00,466.3720255,102.9639886,308.7648469,586.5271486
1993-11-27 00:00:00,273.1783319,671.0870713,370.2105873,601.4955567
1993-11-28 00:00:00,448.7429329,483.4719627,549.2958022,299.3146199
1993-11-29 00:00:00,192.6176292,620.7509767,490.6885509,516.1708345
1993-11-30 00:00:00,388.6840611,372.8439134,472.5571405,562.6736895
1993-12-01 00:00:00,419.5536595,409.3576171,311.424968,492.7904121
1993-12-02 00:00:00,131.0941221,393.3079482,604.8685319,190.9570449
1993-12-03 00:00:00,301.9625669,500.1185545,382.7723004,625.5298501
1993-12-04 00:00:00,180.6488062,183.7907529,687.4629628,423.4567316
1993-12-05 00:00:00,138.0249823,117.9841539,480.485283,269.4834558
1993-12-06 00:00:00,693.9761394,284.757965,175.7588449,355.1369113
1993-12-07 00:00:00,293.412307,522.8084576,505.7065372,122.5426542
1993-12-08 00:00:00,585.9246675,221.1120713,295.0624093,176.7200807
1993-12-09 00:00:00,252.7843929,504.05946,511.796318,559.3280503
1993-12-10 00:00:00,508.9016333,681.9472277,141.7846889,100.0069809
1993-12-11 00:00:00,556.1367159,156.3404295,204.9288623,349.9394971
1993-12-12 00:00:00,457.3832444,503.5612709,613.4423553,413.5061087
1993-12-13 00:00:00,382.9457131,366.2501316,236.3077342,132.780652
1993-12-14 00:00:00,347.1045485,620.8853526,602.2246751,683.8468978
1993-12-15 00:00:00,309.3209599,206.2898737,267.5656531,235.6751987
1993-12-16 00:00:00,657.7174865,515.5755713,485.729146,282.5192318
1993-12-17 00:00:00,598.3716447,602.8691738,516.4903441,282.3655074
1993-12-18 00:00:00,679.0161464,666.7685317,407.5928519,238.2499973
1993-12-19 00:00:00,174.5783341,509.948817,283.186406,100.8842933
1993-12-20 00:00:00,538.5204851,398.3048584,227.5866258,537.6068765
1993-12-21 00:00:00,663.0042741,470.7083441,119.9136127,680.1072999
1993-12-22 00:00:00,208.7398397,621.3429907,282.3678407,234.57609
1993-12-23 00:00:00,139.8977604,442.365848,491.8976743,497.8283151
1993-12-24 00:00:00,544.6723896,118.2322358,662.9828911,545.1377962
1993-12-25 00:00:00,444.6838679,658.5692173,622.7226894,609.0552275
1993-12-26 00:00:00,605.0972661,513.7160506,559.6388659,353.5775182
1993-12-27 00:00:00,183.863426,505.9080315,573.068406,281.7585434
1993-12-28 00:00:00,577.1603871,229.4050914,498.9909421,295.1770804
1993-12-29 00:00:00,220.976392,495.3312821,256.1721145,527.5727999
1993-12-30 00:00:00,198.1935657,336.3186434,644.3170184,590.0676799
1993-12-31 00:00:00,198.5594788,490.7397862,502.4393871,208.9683807
